RECID,Date,Job,Description,Job Type,Static,RTK,TCRA A,TCRA B,TCRA JH,TDA,Other,Manual,Photos
0,02/01/2019,AA9_ARTC,2D Survey - STN08 to STN22 in LB&RC,MONITORING,0,0,0,1,1,0,0,0,0
1,03/01/2019,DA3B_TRIBUTARY CROSS LINES,"WC15 install Rockbar 9, 28 and 34",MONITORING,0,0,0,0,0,0,1,0,1
2,04/01/2019,AA9_CAMDEN ROAD,3D Survey - STN11 to STN09,MONITORING,1,0,0,1,0,0,0,0,0
3,02/01/2019,AA9_HARRIS CREEK CLIFF LINES,"Lines A, B, C, D, E, F, G and NepX I & J and GNSS (Static)",MONITORING,1,0,0,1,0,0,0,0,0
4,03/01/2019,BOREHOLES,"S2444 - Rig alignment survey, plus check on S2433.",EXPLORATION,1,0,1,0,0,0,0,1,0
5,07/01/2019,AA9_HARRIS CREEK CULVERT,3D Survey - Up and Down stream headwalls,MONITORING,0,0,1,0,0,0,0,0,0
6,08/01/2019,AA9_HARRIS CREEK CULVERT,Downstream Check Observations,MONITORING,0,0,1,0,0,0,0,0,0
7,08/01/2019,AA9_FARFIELD,Moreton Park Road Bridge Marks - MPRBSE & MPRBSW,MONITORING,1,0,0,0,0,0,0,0,0
8,09/01/2019,AA9_FARFIELD,"A9FF02, 03, 04, 05, 06, 07, 09, 10, 11, 12",MONITORING,1,0,0,0,0,0,0,0,0
9,09/01/2019,INSTRUMENTS,Instrument Onboards TS60 & MS60,CALIBRATIONS,0,0,0,1,1,0,0,0,0
10,09/01/2019,INSTRUMENTS,On board Calibrations,CALIBRATIONS,0,0,1,0,0,0,0,0,0
11,10/01/2019,AA9_NEPEAN RIVER CROSS LINES,Lines Nep X D to I,MONITORING,0,0,1,0,0,0,0,0,0
12,10/01/2019,AA9_FARFIELD,Mark A9FF01,MONITORING,1,0,0,0,0,0,0,0,0
13,10/01/2019,OTHER,C10 TLS Scan of Appin North BCW Motor Room & Apron Bolt Pattern,DETAIL and ENGINEERING,0,0,0,1,0,0,1,0,0
14,11/01/2019,AA9_NEPEAN RIVER CROSS LINES,Line Nepx J,MONITORING,0,0,0,1,0,0,0,0,0
15,11/01/2019,OTHER,Appin North Boom Gate Setout,DETAIL and ENGINEERING,0,1,0,0,0,0,0,0,0
16,14/01/2019,AA9_ARTC,2D survey STN13 to 22 inc LB&RC,MONITORING,0,0,0,1,1,0,0,0,0
17,14/01/2019,BOREHOLES,Rig alignment check at borehole S2444 off existing gps baseline.,EXPLORATION,0,0,1,0,0,0,0,0,0
18,15/01/2019,DA3B_TRIBUTARY CROSS LINES,"WC15 X Lines Rockbar 9,28,34   Base Survey and Epoch 1",MONITORING,0,0,1,0,0,0,0,0,0
19,15/01/2019,AA9_HARRIS CREEK CLIFF LINES,"Closure lines A to E and GPS marks HC GPS1,2 and A9FF12",MONITORING,1,0,0,1,0,0,0,0,0
20,16/01/2019,AA9_DOUGLAS PARK BRIDGE,DPB survey + NepX J Line.,MONITORING,0,0,0,1,0,0,0,0,0
21,16/01/2019,AA9_HARRIS CREEK CLIFF LINES,"Blades Bridge, F and G Lines.",MONITORING,0,0,0,1,0,0,0,0,0
22,16/01/2019,AA9_NEPEAN RIVER CROSS LINES,J Line was measured along with Douglas Park Bridge and can be found in that dataset.,MONITORING,0,0,0,1,0,0,0,0,0
23,17/01/2019,DA3B_SWAMP LINES,Swamp13 3D survey.,MONITORING,1,0,1,0,0,0,0,0,0
24,17/01/2019,DA3B_TRIBUTARY CROSS LINES,"WC21 I, J, K and L Lines.",MONITORING,0,0,1,0,0,0,0,0,0
25,18/01/2019,AA9_ENDEAVOUR POLES,"Pole 629933, 628652, 629912 and 628794.",MONITORING,0,1,0,0,0,0,0,1,0
26,21/01/2019,AA9_ARTC,2D Survey STN13 to 22 inc LB & RC,MONITORING,0,0,0,1,0,0,0,0,0
27,21/01/2019,AA9_HARRIS CREEK CLIFF LINES,"Blades Bridge Check, G Line prism stability",MONITORING,0,0,0,1,0,0,0,0,0
28,22/01/2019,BOREHOLES,"Static survey of borehole S2421, S2445",EXPLORATION,1,0,0,0,0,0,0,0,0
29,23/01/2019,DA3B_FARFIELD,Install & Base Survey DA3B 49/60/63/64,MONITORING,1,0,0,0,0,0,0,0,0
30,24/01/2019,DA3B_NDC X,Avon Dam GNSS & closures inc. LA4 tributary cross-lines,MONITORING,1,0,1,1,0,0,0,0,0
31,24/01/2019,DA3B_TRIBUTARY CROSS LINES,LA4 Trib X Line.,MONITORING,1,0,1,0,0,0,0,0,0
32,29/01/2019,AA9_ARTC,2D Survey STN13 to 22 inc LB & RC,MONITORING,0,0,0,0,1,0,0,0,0
33,29/01/2019,AA9_HARRIS CREEK CLIFF LINES,Harris Creek A to E and Blades Bridge. Recovery marks were read at Blades Bridge. Harris Creek GPS was also measured.,MONITORING,0,0,0,1,0,0,0,0,0
34,28/01/2019,OTHER,TLS Capture of Appin Fan Intake Vanes,DETAIL and ENGINEERING,0,1,1,0,0,0,1,0,1
35,30/01/2019,AA9_DOUGLAS PARK BRIDGE,DPB Survey,MONITORING,0,0,0,1,0,0,0,0,0
36,30/01/2019,AA9_HARRIS CREEK CLIFF LINES,Harris Creek F-G lines,MONITORING,0,0,0,1,0,0,0,0,0
37,31/01/2019,DA3B_FARFIELD,"Marks DA3B-10 -16, DA3B-45 - 49",MONITORING,1,0,0,0,0,0,0,0,0
38,01/02/2019,DA3B_FARFIELD,"Marks DA3B-04, 23, 59 and DA3B-60",MONITORING,1,0,0,0,0,0,0,0,0
39,04/02/2019,AA9_ARTC,"3D Survey - STN09 to STN22 inc LB&RC, Cutting 74Km & Douglas Park Station Platform & High Pressure Sewer",MONITORING,1,0,0,1,1,0,0,0,0
40,07/01/2019,AA9_ARTC,"3D Survey - STN09 to STN22 inc LB&RC, Cutting 74Km & Douglas Park Station Platform & High Pressure Sewer",MONITORING,1,0,0,1,1,0,0,0,0
41,04/02/2019,AA9_HARRIS CREEK CULVERT,Harris Creek Culvert datain with Area 9 ARTC survey.,MONITORING,1,0,0,0,1,0,0,0,0
42,05/02/2019,AA9_CAMDEN ROAD,Camden Road 3D Survey  ,MONITORING,1,0,0,1,0,0,0,0,0
43,07/02/2019,DA3B_SWAMP LINES,Swamps 4 & 11,MONITORING,1,0,1,0,0,0,0,0,0
44,11/02/2019,AA9_ARTC,2D STN13 to 22 + LB/RC + Sewage Pipe + HC Culvert + DP Platform Monitoring Prism re-install and base survey,MONITORING,0,0,0,1,1,0,0,0,0
45,11/02/2019,AA9_CAMDEN ROAD,Camden Rd 2D,MONITORING,0,0,0,1,1,0,0,0,0
46,12/02/2019,AA9_FARFIELD,"Marks A9 FF03, 04, 05, 12, MPRBW and MPRBE",MONITORING,1,0,0,0,0,0,0,0,0
47,12/02/2019,AA9_HARRIS CREEK CLIFF LINES,"Lines A-G, BB, NepX I + GPS1 and GPS2",MONITORING,1,0,0,1,0,0,0,0,0
48,13/02/2019,AA9_FARFIELD,"A9FF01, 06, 07, 09, 10, & 11",MONITORING,1,0,0,0,0,0,0,0,0
49,13/02/2019,AA9_NEPEAN RIVER CROSS LINES,"NepX Lines D, E, F, G, & H",MONITORING,0,0,1,0,0,0,0,0,0
50,14/02/2019,AA9_HARRIS CREEK CLIFF LINES,Blades bridge replacement of mark BB02.,MONITORING,0,0,0,1,0,0,0,0,0
51,14/02/2019,BOREHOLES,"Boreholes S2441,S2446 + Peg1 and Peg2 (Static) S2398B and S2442 (RTK)",EXPLORATION,1,1,0,0,0,0,0,0,0
52,15/02/2019,DA3B_SWAMP LINES,Swamp13 3D survey.,MONITORING,1,0,1,0,0,0,0,0,0
53,15/02/2019,DA3B_TRIBUTARY CROSS LINES,WC15 tributary X Lines.,MONITORING,0,0,1,0,0,0,0,0,0
54,18/02/2019,AA9_ARTC,2D Survey STN13 to 22 inc LB & RC + DP Station + HC Cul  Local 3D,MONITORING,0,0,1,1,1,0,0,0,0
55,18/02/2019,AA9_CAMDEN ROAD,Camden Rd 2D,MONITORING,0,0,1,1,0,0,0,0,0
56,20/02/2019,OTHER,"Drone Survey ROM stockpile - RTK, Phantom4, C10 scanner",DETAIL and ENGINEERING,0,1,0,0,0,0,1,0,0
57,21/02/2019,AA7_PRIVATE PROPERTY,Carrols Road and Hawkey Road - RTK location of ground service checked mark positions,MONITORING,0,1,0,0,0,0,0,0,0
58,21/02/2019,AA9_ENDEAVOUR POLES,"Poles 628794, 629912, 628652 & 629933",MONITORING,0,1,0,0,0,0,0,1,0
59,21/02/2019,BOREHOLES,Boreholes S2441A (TS15) and S2448 (Static+ TS15),EXPLORATION,1,0,1,0,0,0,0,0,0
60,22/02/2019,AA7_MENANGLE ROAD,RTK pickup of install positions for Menangle Road extension.,MONITORING,0,1,0,0,0,0,0,0,0
61,25/02/2019,AA9_ARTC,2D Survey STN13-22 inc. LB & RC + DP Station,MONITORING,0,0,0,1,1,0,0,0,0
62,25/02/2019,AA9_CAMDEN ROAD,Camden Rd 2D  Note: CR 24 unable to be read,MONITORING,0,0,1,1,0,0,0,0,0
63,25/02/2019,AA9_HARRIS CREEK CULVERT,Local 3D survey,MONITORING,0,0,1,0,0,0,0,0,0
64,26/02/2019,DA3B_TRIBUTARY CROSS LINES,Donalds Castle Creek E & F,MONITORING,0,0,1,0,0,0,0,0,0
65,26/02/2019,DA3B_SWAMP LINES,Swamp23 - 2D Survey,MONITORING,0,0,1,0,0,0,0,0,0
66,26/02/2019,DA3B_FARFIELD,"DA3B-29, 30, 31 & 44",MONITORING,1,0,0,0,0,0,0,0,0
67,26/02/2019,BOREHOLES,"Borehole S2454(Static), S2452, S2449 and S2447 (RTK)",EXPLORATION,1,1,0,0,0,0,0,0,0
68,27/02/2019,AA9_DP SUBS MONITORING,Private Pole 15 McWilliam Drive inc. heights on DP Subs Marks,MONITORING,0,0,0,1,0,0,0,0,1
69,27/02/2019,AA9_HARRIS CREEK CLIFF LINES,Harris Creek Cliff Lines - GNSS and A to G and NepX I & J,MONITORING,1,0,0,1,0,0,0,0,0
70,28/02/2019,OTHER,Appin East Drift Motor Room TLS,DETAIL and ENGINEERING,0,0,0,0,0,0,1,0,1
71,28/02/2019,OTHER,RTK pickup of The Oaks and Thirlmere ALS test patches. Data was stored in directory from the 26/02/19 to keep it all together.,DETAIL and ENGINEERING,0,1,0,0,0,0,0,0,0
72,01/03/2019,OTHER,Westcliff energy stockpile 1 aerial survey,DETAIL and ENGINEERING,0,1,0,0,0,0,0,0,1
73,04/03/2019,AA9_ARTC,"3D Survey - STN09 to STN22 inc LB&RC, Cutting 74Km & Douglas Park Station Platform & High Pressure Sewer + EMB74 EXTO Pickup",MONITORING,1,0,0,1,1,0,0,0,0
74,04/03/2019,AA9_HARRIS CREEK CULVERT,3D Survey - Up and Down stream headwalls,MONITORING,0,0,1,0,0,0,0,0,0
75,05/03/2019,AA9_CAMDEN ROAD,Camden Rd 2D-3D,MONITORING,1,0,0,1,0,0,0,0,0
76,06/03/2019,BOREHOLES,Borehole S2450,EXPLORATION,0,1,0,0,0,0,0,0,0
77,07/03/2019,AA7_PRIVATE PROPERTY,Hawkey Road & Carols Road Install,MONITORING,0,0,0,0,0,0,0,0,1
78,08/03/2019,OTHER,RTK pickup of ALS patches - Dendrobium,DETAIL and ENGINEERING,0,1,0,0,0,0,0,0,0
79,26/02/2019,OTHER,RTK Pickup of ALS patches - Cordeaux,DETAIL and ENGINEERING,0,1,0,0,0,0,0,0,0
80,11/03/2019,AA9_ARTC,"2D Survey STN13 to STN22, inc LB&RC and Douglas Park Station",MONITORING,0,0,0,1,1,0,0,0,0
81,11/03/2019,AA9_CAMDEN ROAD,"2D Survey - STN01 to STN08, inc Douglas Park service station",MONITORING,0,0,1,0,1,0,0,0,0
82,11/03/2019,AA9_HARRIS CREEK CULVERT,Local 2D survey,MONITORING,0,0,1,0,0,0,0,0,0
83,12/03/2019,AA9_DOUGLAS PARK BRIDGE,DPB prism survey.,MONITORING,0,0,0,1,0,0,0,0,0
84,12/03/2019,AA9_HARRIS CREEK CLIFF LINES,HCCL including Nep X I and J Lines. Photo's were taken at the G Line guard rail.,MONITORING,0,0,0,1,0,0,0,0,0
85,12/03/2019,AA9_FARFIELD,"Marks 3, 4, 5, 12, MPRBSE and MPRBSW. Folder also includes HCCL GNSS survey.",MONITORING,1,0,0,0,0,0,0,0,0
86,13/03/2019,AA9_NEPEAN RIVER CROSS LINES,"A9 Nep X Lines D, E, F, G and H",MONITORING,0,0,1,0,0,0,0,0,0
87,13/03/2019,AA9_FARFIELD,"A9 FF Marks 01, 06, 07, 09, 10 and 11",MONITORING,1,0,0,0,0,0,0,0,0
88,14/03/2019,AA7_PRIVATE PROPERTY,Install and location of Private Property monitoring marks at 590 Menangle Rd and 320 Carols Rd.,MONITORING,0,1,0,0,0,0,0,0,1
89,14/03/2019,OTHER,UAV flight of Dendrobium stock pile and Cordeaux number 3 shaft.,DETAIL and ENGINEERING,0,1,0,0,0,0,0,0,1
90,15/03/2019,AA7_PRIVATE PROPERTY,3D Traverse - Base Survey - Carols and Hawkie Road ,MONITORING,1,0,0,1,0,0,0,0,0
91,18/03/2019,AA9_ARTC,"2D Survey  - STN13 to 22 inc. LB&RC, Douglas Park Station",MONITORING,0,0,0,1,1,0,0,0,0
92,18/03/2019,AA9_CAMDEN ROAD,2D Survey - STN01 to STN08 inc Service station,MONITORING,0,0,1,1,0,0,0,0,0
93,18/03/2019,AA9_HARRIS CREEK CLIFF LINES,Lines A to E,MONITORING,0,0,0,1,0,0,0,0,0
94,18/03/2019,AA9_HARRIS CREEK CULVERT,2D Survey - up and downstream sides,MONITORING,0,0,1,0,0,0,0,0,0
95,19/03/2019,AA7_MENANGLE ROAD,Start of LW708A 3D survey. 707 extent only.,MONITORING,1,0,0,1,0,0,0,0,0
96,20/03/2019,AA7_MENANGLE ROAD,708A extention - STN14/14A to STN21 - Base survey.,MONITORING,1,0,0,1,0,0,0,0,0
97,21/03/2019,OTHER,UAV mapping flight Stockpile 105 and 106,DETAIL and ENGINEERING,0,0,0,0,0,0,0,0,0
98,22/03/2019,AA7_PRIVATE PROPERTY,320 Carrolls Rd (scanning) & 590 Menangle Rd (Pin and Ground Marks),MONITORING,1,0,0,1,0,0,1,0,0
99,25/03/2019,AA9_ARTC,STN13 to STN22.,MONITORING,0,0,0,1,1,0,0,0,0
100,25/03/2019,AA9_HARRIS CREEK CULVERT,Local 3D survey.,MONITORING,0,0,1,0,0,0,0,0,0
101,25/03/2019,AA9_HARRIS CREEK CLIFF LINES,All lines and GPS survey.,MONITORING,0,0,0,1,0,0,0,0,0
102,25/03/2019,AA9_CAMDEN ROAD,2D survey from CR01 to CR61.,MONITORING,0,0,1,0,1,0,0,0,0
103,26/03/2019,DA3B_SWAMP LINES,Swamp 10 and 13 end of Longwall 14 survey.,MONITORING,1,0,1,0,0,0,0,0,0
104,26/03/2019,DA3B_TRIBUTARY CROSS LINES,WC21 X Lines F to L.,MONITORING,0,0,1,0,0,0,0,0,0
105,27/03/2019,AA9_HARRIS CREEK CLIFF LINES, GLine Check survey,MONITORING,0,0,0,1,0,0,0,0,1
106,27/03/2019,AA9_DOUGLAS PARK BRIDGE,Douglas Park Bridge Prism Survey - inc. NepX J line,MONITORING,0,0,0,1,0,0,0,0,0
107,27/03/2019,BOREHOLES, STIS3 - STIS Borehole at FR6P,EXPLORATION,0,1,0,0,0,0,0,0,1
108,28/03/2019,DA3B_TRIBUTARY CROSS LINES,"Wongawilli X Lines B, C and D end of Lw14 survey.",MONITORING,0,0,1,0,0,0,0,0,0
109,28/03/2019,OTHER,RTK pickup of ALS test patch near Eloura.,DETAIL and ENGINEERING,0,1,0,0,0,0,0,0,0
110,01/04/2019,AA9_ARTC,ARTC 2D/3D (STN12 to 22) including Harric Creek Culvert.,MONITORING,1,0,1,1,1,0,0,0,0
111,01/04/2019,AA9_HARRIS CREEK CLIFF LINES,"HCCL Lines F, G/GA and NepX J Line",MONITORING,0,0,0,1,0,0,0,0,0
112,02/04/2019,DA3B_NDC X,Avon Dam X Lines.,MONITORING,1,0,1,1,0,0,0,0,0
113,02/04/2019,DA3B_FARFIELD,Avon Dam GPS marks that double as Dend GPS are in the Avon directory.,MONITORING,1,0,0,0,0,0,0,0,0
114,03/04/2019,AA9_CAMDEN ROAD,Camden Road 2D stn's 1 to 8.,MONITORING,0,0,1,0,0,0,0,0,0
115,04/04/2019,DA3B_FARFIELD,"Marks 38, 39, 40, 41, 42, 55, 56 and 57.",MONITORING,1,0,0,0,0,0,0,0,0
116,04/04/2019,DA3B_FARFIELD,"Marks 38, 39, 40, 41, 42, 55, 56 and 57.",MONITORING,1,0,0,0,0,0,0,0,0
117,08/04/2019,AA9_ARTC,ARTC 2D STN13 to 22 including DP Station and HCCul data.,MONITORING,0,0,0,1,1,0,0,0,0
118,08/04/2019,AA9_HARRIS CREEK CULVERT,Local 3D survey done in conjunction with ARTC 2D (data in that file).,MONITORING,0,0,0,1,0,0,0,0,0
119,08/04/2019,AA9_HARRIS CREEK CLIFF LINES,Harris Creek Cliff Lines full survey.,MONITORING,0,0,0,1,0,0,0,0,0
120,09/04/2019,AA9_CAMDEN ROAD,Camden Rd 3D.,MONITORING,1,0,0,1,0,0,0,0,0
121,10/04/2019,DA3B_NDC X,NDC X Line C including C GPS.,MONITORING,1,0,1,0,0,0,0,0,0
122,10/04/2019,DA3B_FARFIELD,"DA3b GPS marks 06, 33, 34, 43 and 67 (NDC C GPS). GPS data in in the NDC directory and has been processed with NDC GPS.",MONITORING,1,0,0,0,0,0,0,0,0
123,11/04/2019,DA3B_TRIBUTARY CROSS LINES,WC15 X lines (End of Lw14).,MONITORING,0,0,1,0,0,0,0,0,0
124,15/04/2019,AA9_ARTC,ARTC 2D including Station and Harris Creek Culvet.,MONITORING,0,0,0,1,1,0,0,0,0
125,15/04/2019,AA9_HARRIS CREEK CULVERT,Local 3D survey.,MONITORING,0,0,0,1,0,0,0,0,0
126,15/04/2019,AA9_HARRIS CREEK CLIFF LINES,Harris Creek full survey including NepX I and J.,MONITORING,0,0,0,1,0,0,0,0,0
127,16/04/2019,AA9_CAMDEN ROAD,Camden Rd 2D Stn1 to 8.,MONITORING,0,0,1,0,0,0,0,0,0
128,16/04/2019,AA9_NEPEAN RIVER CROSS LINES,NepX D to H Lines.,MONITORING,0,1,0,0,0,0,0,0,0
129,16/04/2019,AA9_FARFIELD,A9 FF01 measured whilst Nep X was done.,MONITORING,1,0,0,0,0,0,0,0,0
130,23/04/2019,DA3B_FARFIELD,"Dend FF Marks DA3b-32, 63 and 64",MONITORING,1,0,0,0,0,0,0,0,0
131,23/04/2019,BOREHOLES,Set-out of Roll Test site for STIS hole (int FR6 and FR6A),EXPLORATION,0,1,1,0,0,0,0,0,0
132,24/04/2019,AA9_HARRIS CREEK CULVERT,2D Survey - up and down stream headwalls,MONITORING,0,0,1,0,0,0,0,0,0
133,24/04/2019,AA9_CAMDEN ROAD,2D Survey - CR01 to 61 inc service station,MONITORING,0,0,1,0,0,0,0,0,0
134,24/04/2019,AA9_ARTC,2D Survey - STN13 to 22 inc Platform and LB & RC,MONITORING,0,0,0,0,1,0,0,0,0
135,29/04/2019,AA9_ARTC,"2D Survey STN13 to 22 inc LB, Station Platform ",MONITORING,0,0,0,0,1,0,0,0,0
136,29/04/2019,AA9_HARRIS CREEK CULVERT,2D Survey - Up and Downstream,MONITORING,0,0,1,0,0,0,0,0,0
137,29/04/2019,AA9_HARRIS CREEK CLIFF LINES,HCCL Lines A - G and Nep X I Line.,MONITORING,0,0,0,0,1,0,0,0,0
138,30/04/2019,AA9_DOUGLAS PARK BRIDGE,Douglas Park Bridge survey including NepX J Line.,MONITORING,0,0,0,1,0,0,0,0,0
139,30/04/2019,AA9_CAMDEN ROAD,Camden Rd 2D. marks CR01 to CR61.,MONITORING,0,0,1,0,0,0,0,0,0
140,01/05/2019,AA7_FARFIELD,Installation of new and upgraded Far Field GNSS marks. Locations were picked up with RTK for planning purposes.,MONITORING,0,1,0,0,0,0,0,0,0
141,01/05/2019,,"Boreholes S2469(STIS3), S2460, S2461, S2461, S2459, S2456, S2458, S2439 and S2453",EXPLORATION,0,1,0,0,0,0,0,0,0
142,02/05/2019,AA9_FARFIELD,"End of longwall surveys for all marks except 1, 2 and 8.",MONITORING,1,0,0,0,0,0,0,0,0
143,03/05/2019,AA9_NEPEAN RIVER CROSS LINES,"Nepx Lines A, B, C",MONITORING,0,0,1,0,0,0,0,0,0
144,03/05/2019,AA9_FARFIELD,A9FF02,MONITORING,1,0,0,0,0,0,0,0,0
145,06/05/2019,AA9_CAMDEN ROAD,Camden Rd 2D/3D + Lucy's + service stn - End of longwall,MONITORING,1,0,0,1,0,0,0,0,0
146,07/05/2019,DA3B_SWAMP LINES,Dend Swamps 11 and 23,MONITORING,0,0,1,0,0,0,0,0,0
147,07/05/2019,BOREHOLES,Boreholes S2443 (RTK) and S2457 (Static),EXPLORATION,1,1,0,0,0,0,0,0,0
148,07/05/2019,OTHER,Drone flight with RTK control of WCC emplacement satge 3. Data collection undertaken for supply to Cardno.,DETAIL and ENGINEERING,0,1,0,0,0,0,0,0,1
149,08/05/2019,AA7_MENANGLE ROAD,3D Survey - MR7001 to MR7120 inc BMS connection,MONITORING,1,0,0,1,0,0,0,0,0
150,09/05/2019,AA7_FARFIELD,"Marks DP Trig, MR2, MR7106, FR1, FR1New, FR2, Carolls1, Burrell1, Burrell1New, Burrell2, Burrell2New, CR1, CR1New, CR2, MPRBNW, MPRBNE, MPRStn27 and MPRN.",MONITORING,1,0,0,0,0,0,0,0,0
151,10/05/2019,DA3B_SWAMP LINES,Swamp 11 - Check Bay SW1104 to 1105,MONITORING,0,0,0,1,0,0,0,0,0
152,10/05/2019,AA9_DOUGLAS PARK BRIDGE,Re-instatement of SBP3BW - partial survey only.,MONITORING,0,0,0,1,0,0,0,0,0
153,10/05/2019,AA7_FARFIELD,"Marks MR1. MR3. FR3, DR1, RD1, RD2 and PD1",MONITORING,1,0,0,0,0,0,0,0,0
154,13/05/2019,AA9_HARRIS CREEK CLIFF LINES,A to G Lines inc. NepxI and GNSS  ,MONITORING,1,0,0,1,0,0,0,0,0
155,13/05/2019,AA9_ARTC,"Culvert 75.7km, 76.2km X Line and 75.7km X Line.",MONITORING,0,0,1,0,0,0,0,0,0
156,14/05/2019,AA7_MENANGLE ROAD,2D -  MR7001 to MR7120,MONITORING,0,0,0,1,0,0,0,0,0
157,16/05/2019,AA9_MENANGLE ROAD,End of longwall 902 survey. Includes GPS for FOC Line.,MONITORING,1,0,0,1,0,0,0,0,0
158,17/05/2019,OTHER,UAV RTK control pickup for Appin East Stockpile,DETAIL and ENGINEERING,0,1,0,0,0,0,0,0,0
159,17/05/2019,AA9_FOC,FOC end of Lw902 survey. GPS control was captured the previous day with A9 Menangle Rd survey.,MONITORING,0,0,0,1,0,0,1,0,0
160,17/05/2019,AA9_ENDEAVOUR POLES,"Tilt survey of poles D317986, 621642 and 629935 for Scott.",MONITORING,0,0,0,1,0,0,0,1,1
161,17/05/2019,AA9_ENDEAVOUR POLES,"Poles 629837, 317991, 629836, 629834, 621645, 629933, 628652, 629912, 628794 End of LW902",MONITORING,0,1,0,0,0,0,0,1,0
162,17/05/2019,AA7_ENDEAVOUR POLES,Poles 630113 630120 Base Survey & Pole 629017/133 ,MONITORING,0,1,0,0,0,0,0,1,1
163,20/05/2019,AA9_ARTC,"3D Survey (End LW902) inc LB&RC, Emb74km ,Emb75Km, Ctting 74Km, Cutting 75km, Emb 76Km, 75Km Culvert, DP Station",MONITORING,1,0,1,1,1,0,0,0,0
164,21/05/2019,AA9_ARTC,"3D Survey (End LW902) inc 74.7 culv, horizontal bore, Harris Creek culvert",MONITORING,1,0,1,0,0,0,0,0,0
165,22/05/2019,AA9_MPRBS,End of LW902 Survey - inc. caliper and bearing readings,MONITORING,0,0,1,0,0,0,0,1,0
166,23/05/2019,AA7_MENANGLE ROAD,Menangle Rd 2D (Marks MR7001 to MR7120),MONITORING,0,0,0,1,0,0,0,0,0
167,24/05/2019,BOREHOLES,"Boreholes S2466, S2455 (RTK) and S2420A (Static)",EXPLORATION,1,1,0,0,0,0,0,0,0
168,27/05/2019,AA7_MENANGLE ROAD,2D - MR7001 to MR7120,MONITORING,0,0,0,1,0,0,0,0,0
169,27/05/2019,AA9_HARRIS CREEK CLIFF LINES,G-Line,MONITORING,0,0,0,1,0,0,0,0,0
170,28/05/2019,DA3B_NDC X,"Avon dam closures B, C, D line and LA4 Trib",MONITORING,0,0,1,1,0,0,0,0,0
171,29/05/2019,DA3B_NDC X,NDC X Lines A and E.,MONITORING,1,0,1,0,0,0,0,0,0
172,29/05/2019,INSTRUMENTS,GNSS Antenna Definitions Check,CALIBRATIONS,1,0,0,0,0,0,0,0,0
173,30/05/2019,AA9_DOUGLAS PARK BRIDGE,Douglas Park Bridge survey inc. Pier levels.,MONITORING,0,0,0,1,0,0,1,1,0
174,30/05/2019,AA9_ENDEAVOUR POLES,End of Lw902 poles 629791 and 629793.,MONITORING,0,1,0,0,0,0,0,1,0
175,03/06/2019,AA7_MENANGLE ROAD,3D Survey MR7001 to 7120 inc BM Connection,MONITORING,1,0,0,1,0,0,0,0,0
176,05/06/2019,AA7_FARFIELD,"A7 GNSS MPRBSE+W, MPRBNE+ W, Douglas, MPRN, MPRSTN27 and MR3.",MONITORING,0,0,0,0,0,0,0,0,0
177,07/06/2019,AA9_HARRIS CREEK CLIFF LINES,"Harris Creek Culvert All lines (inc. BB & NepxI & J) and GNSS1, GNSS 2 & A9FF12",MONITORING,1,0,0,1,0,0,0,0,0
178,07/06/2019,AA7_FARFIELD,"Burrell1 & 2, CR1 & 2, PD1, Carrolls1, FR1 and FR2",MONITORING,1,0,0,0,0,0,0,0,0
179,11/06/2019,AA7_MENANGLE ROAD,2D Survey - STN01 to STN16 - New CP 7023 & MRCP btwn STN15 & STN16,MONITORING,0,0,0,1,0,0,0,0,0
180,11/06/2019,AA9_HARRIS CREEK CLIFF LINES,G Line Check inc. Photos of Tree Felling & Soil Cracks,MONITORING,0,0,0,1,0,0,0,0,0
181,12/06/2019,DA3B_SWAMP LINES,Samps 11 and 23.,MONITORING,0,0,0,1,0,0,0,0,0
182,14/06/2019,AA7_ENDEAVOUR POLES,Base Survey Pole130/630134 & Pole 327829,MONITORING,0,1,0,1,0,0,0,1,1
183,14/06/2019,AA7_FARFIELD,"Marks FR3, DR1, RD1 & RD2",MONITORING,1,0,0,0,0,0,0,0,0
184,14/06/2019,INSTRUMENTS,MS60 Instrument Onboard Cals,CALIBRATIONS,0,0,0,0,1,0,0,0,0
185,17/06/2019,AA7_MENANGLE ROAD,Menangle Rd 2D and Spaniards Hill hairpin local survey.,MONITORING,0,0,0,0,1,0,0,0,0
186,18/06/2019,AA9_DP SUBS MONITORING,End of Lw902 Subs grid 3D monitoring Day 1 (Jenkins street to the intersection of Durham +Gandangarra North section).,MONITORING,1,0,0,0,1,0,0,0,0
187,18/06/2019,AA7_ENDEAVOUR POLES,Pole 628743,MONITORING,0,0,0,0,0,0,0,1,0
188,19/06/2019,AA9_DP SUBS MONITORING,End of LW902 Subs Grid 3D Monitoring - Part 2,MONITORING,1,0,0,0,1,0,0,0,0
189,20/06/2019,AA7_FARFIELD,"Checks on PD1, DP1, RD1, RD2, FR2, FR3 & MR1",MONITORING,1,0,0,0,0,0,0,0,0
190,21/06/2019,INSTRUMENTS,Onboard Calibrations & Hot Keys,CALIBRATIONS,0,0,1,0,0,0,0,0,0
191,24/06/2019,AA9_ARTC,"3D Survey - STN13 to 22 inc. 2D/3D, LB&RC and Cutting 74Km",MONITORING,1,0,0,0,1,0,0,0,0
192,24/06/2019,AA7_ENDEAVOUR POLES,"AA7 End Poles 130, 133, 154, 152, 327829, 103, 107 & 212 inc abs tilts",MONITORING,0,1,1,0,0,0,0,1,0
193,26/06/2019,AA7_MENANGLE ROAD,2D Survey - STN01 to STN16,MONITORING,0,0,0,0,1,0,0,0,0
194,28/06/2019,AA7_ENDEAVOUR POLES,Pole 327 829  check readings,MONITORING,0,0,0,0,0,0,0,1,0
195,28/06/2019,INSTRUMENTS,Oboard Calibrations and Checks - after June 2019 service,CALIBRATIONS,0,0,0,1,0,0,0,0,0
196,01/07/2019,AA7_MENANGLE ROAD,Menangle Road 2D + Spaniards Hill road survey.,MONITORING,0,0,0,1,0,0,0,0,0
197,02/07/2019,BOREHOLES,Total Station pickup of S2441B and S2474 from GNSS baselines. Requires post processing.,EXPLORATION,1,0,1,0,0,0,0,0,0
198,03/07/2019,AA7_FARFIELD,"MR1, MR3, Burrell1 & 2, Carrolls1, MPRBE, MPRBW, Douglas, MPRN, STN27, MPRBNE, and MPRBNW",MONITORING,1,0,0,0,0,0,0,0,0
199,03/07/2019,AA9_HARRIS CREEK CLIFF LINES,"2D Lines A to G, and NEPXI & J, Blades Bridge, HCCLGNSS1 & 2 and A9FF12",MONITORING,1,0,0,0,0,0,0,0,0
200,04/07/2019,WCC_BRENNANS CREEK DAM,Brennans Creek Dam annual survey + base drone flight.,MONITORING,0,1,0,1,0,0,0,0,0
201,05/07/2019,BOREHOLES,S2465 & STIS2 (Cellar & Azimuth),EXPLORATION,0,1,1,0,0,0,0,0,1
202,08/07/2019,AA9_DOUGLAS PARK BRIDGE,DPB prism survey. Beach and South station were re-read in the field due to a tie point that needed to be fixed.,MONITORING,0,0,0,1,0,0,0,0,0
203,08/07/2019,AA7_ENDEAVOUR POLES,"GNSS pickup of CR1, CR2, FR1, FR2, FR3, Carrols1, DR1, RD1, RD2 and PD1. FR2 was named incorrectly in the field as Carrolls1. ",MONITORING,1,0,0,0,0,0,0,0,0
204,09/07/2019,AA7_MENANGLE ROAD,3D Survey MR7001 to MR7120 inc BM conc + spaniards hill,MONITORING,1,0,0,1,0,0,0,0,0
205,10/07/2019,AA9_DP SUBS MONITORING,"End of Lw902 survey of McWilliam Drive only. Survey tied into CR34, CR35 and STN5A.",MONITORING,1,0,0,1,0,0,0,0,0
206,11/07/2019,INSTRUMENTS,Fixed Length Poles 2 & 3 - Pole 2 new tip and length,CALIBRATIONS,0,0,0,0,0,0,1,0,0
207,11/07/2019,BOREHOLES,"Boreholes S2467, S2468 (Static) and S2464 , S2473 (RTK)",EXPLORATION,1,1,0,0,0,0,0,0,0
208,15/07/2019,AA7_MENANGLE ROAD,2D Marks MR7001 - MR7120. Plus SH01-SH04.,MONITORING,0,0,1,0,0,0,0,0,0
209,16/07/2019,STOCKPILES,Kemira Valley stockpile survey. UAV with regular control plus RTK enabled UAV trial,UAV,0,1,0,0,0,0,0,0,0
210,16/07/2019,AA7_ENDEAVOUR POLES,"Poles 212, 130, 327829, 152, 154, 133, 107 & 103",MONITORING,0,1,0,0,0,0,0,1,0
211,16/07/2019,AA9_DP SUBS MONITORING,"Area 2 - DUGG, HOPS streets",MONITORING,1,0,0,1,0,0,0,0,0
212,17/07/2019,AA7_TELSTRA LINE,2D / 3D survey inc. Telstra Tower and Huts.,MONITORING,1,0,0,1,0,0,0,0,0
213,18/07/2019,INFRASTRUCTURE,UAV RTK Flight Test @ Brennans Creek Dam,UAV,0,0,0,0,0,0,1,0,0
214,18/07/2019,BOREHOLES,"Dend Boreholes S2436A, S2436B (Static) and S2463, S2463A, S2470, S2377C (RTK)",EXPLORATION,1,1,0,0,0,0,0,0,0
215,19/07/2019,AA9_DP SUBS MONITORING,3D Survey - Area 3,MONITORING,1,0,0,1,0,0,0,0,0
216,22/07/2019,INSTRUMENTS,Additive Const Check - ARTC STN20,CALIBRATIONS,0,0,0,1,0,0,0,0,0
217,22/07/2019,AA7_MENANGLE ROAD,"2D Marks MR7001 to MR7120, plus Spaniards Hill marks.",MONITORING,0,0,1,0,0,0,0,0,0
218,23/07/2019,AA7_TELSTRA LINE,Check of marks TL26 to TL31.,MONITORING,0,0,0,1,0,0,0,0,0
219,23/07/2019,DA3B_TRIBUTARY CROSS LINES,"WC15 X lines Rockbars 9, 28, 34 + rope access install near RB9 ",MONITORING,0,0,1,0,0,0,0,0,0
220,24/07/2019,INFRASTRUCTURE,Cordeaux Core Sample Yard - Tim Cummins,UAV,0,0,0,0,0,0,0,0,1
221,26/07/2019,AA7,Mountbatton Stud - Arch and Chimney,DETAIL and ENGINEERING,0,0,0,0,1,0,0,1,0
222,26/07/2019,INFRASTRUCTURE,AA7 MRD Site & Gas Plant test flight,UAV,0,0,0,0,0,0,1,0,0
223,29/07/2019,STOCKPILES,Stockpile survey using RTK UAV and 4 ground control. BlueScope,UAV,0,1,0,0,0,0,0,0,0
224,29/07/2019,AA7_MENANGLE ROAD,Menangle Rd 2D. Marks MR7001- MR7120 + Spaniards Hill marks SH01-SH04,MONITORING,0,0,1,0,0,0,0,0,0
225,30/07/2019,INSTRUMENTS,Wollongong Baseline Obs - TS60 & MS60,CALIBRATIONS,0,0,0,1,1,0,0,1,1
226,01/08/2019,STOCKPILES,RTK UAV Flight for Stockpile 4 area at Westcliff,UAV,0,1,0,0,0,0,0,0,0
227,05/08/2019,INSTRUMENTS,Baseline Observations TS15,CALIBRATIONS,0,0,1,0,0,0,0,0,0
228,05/08/2019,AA7_MENANGLE ROAD,2D Marks MR7001 - MR7120 + Spaniard Hill Marks SH01 -SH04 ,MONITORING,0,0,0,1,0,0,0,0,0
229,07/08/2019,AA9_DOUGLAS PARK BRIDGE,DP Bridge Prism Survey inc NepxJ Line,MONITORING,0,0,0,1,0,0,0,0,0
230,07/08/2019,AA7_FARFIELD,"Marks MPRBE, MPRBW, MPRN, MPRSTN27, MPRBNE and MPRBNW",MONITORING,1,0,0,0,0,0,0,0,0
231,08/08/2019,AA7_FARFIELD,"Marks MR1, MR3, FR1, FR2, FR3, DR1, Douglas, Carolls1, Burrell1 & 2, CR1, CR2, RD1, RD2 and PD1",MONITORING,1,0,0,0,0,0,0,0,0
232,09/08/2019,BOREHOLES,"Boreholes S2476, A3b-01, S2378B and S2479.",EXPLORATION,0,1,0,0,0,0,0,0,0
233,12/08/2019,AA7_MENANGLE ROAD,3D Survey inc. Spaniards Hills Prism Survey,MONITORING,1,0,0,1,0,0,0,0,0
234,13/08/2019,AA9_HARRIS CREEK CLIFF LINES,All lines + base survey of recoveries and monitoring prism upgrade,MONITORING,1,0,0,1,0,0,0,0,0
235,13/08/2019,BOREHOLES,Boreholes S2480(STIS1) (Static) and S2471 and S2471A (RTK),EXPLORATION,1,1,0,0,0,0,0,0,0
236,15/08/2019,DA3B_TRIBUTARY CROSS LINES,"Install and base survey of WC12, Rockbar 12 survey monitoring line.",MONITORING,0,0,1,0,0,0,0,0,0
237,16/08/2019,AA7_ENDEAVOUR POLES,"Endeavour Poles 103, 107 and 161 (Base Survey)",MONITORING,0,1,1,0,0,0,0,1,1
238,19/08/2019,AA7_MENANGLE ROAD,Menangle Rd 2D (Marks MR7001-MR7120) Plus SH01 -SH04,MONITORING,0,0,1,0,0,0,0,0,0
239,20/08/2019,DA3B_NDC X,Avon Dam GNSS & closures inc. LA4 tributary cross-lines,MONITORING,1,0,1,1,0,0,0,0,0
240,21/08/2019,DA3B_TRIBUTARY CROSS LINES,"WC21 - J, K, and L Lines",MONITORING,0,0,1,0,0,0,0,0,0
241,21/08/2019,DA3B_SWAMP LINES,Swamp 13 3D,MONITORING,1,0,1,0,0,0,0,0,0
242,22/08/2019,AA7_TELSTRA LINE,2D / 3D Telstra Line,MONITORING,1,0,0,1,0,0,0,0,0
243,22/08/2019,AA9_MENANGLE ROAD,Line extension inspection,MONITORING,0,0,0,0,0,0,0,1,1
244,23/08/2019,STOCKPILES,,UAV,0,1,0,0,0,0,0,0,0
245,23/08/2019,DA3B_NDC X,"GNSS survey of Avon 2, B GPS and DGPS.",MONITORING,1,0,0,0,0,0,0,0,0
246,26/08/2019,AA7_MENANGLE ROAD,Area 7 Menangle Road 2D including Spaniards Hill + Visual Inspection,MONITORING,0,0,0,1,0,0,0,0,0
247,27/08/2019,STOCKPILES,Kemira Stockpile flight,UAV,0,1,0,0,0,0,0,0,0
248,28/08/2019,AA9_PRIVATE PROPERTY,855-875 Menangle Road - Base Survey,MONITORING,1,0,0,1,0,0,0,0,1
249,28/08/2019,AA7_MENANGLE ROAD,Menangle Road Visual Inspection,MONITORING,0,0,0,0,0,0,0,0,1
250,30/08/2019,AA7_MENANGLE ROAD,Menangle Road Visual Inspection,MONITORING,0,0,0,0,0,0,0,1,1
251,02/09/2019,AA7_LEAFS AQ,Bridge survey only.,MONITORING,0,0,0,1,0,0,0,0,0
252,02/09/2019,AA7_MALLATY AQ,Mallaty bridge survey.,MONITORING,0,0,0,1,0,0,0,0,0
253,02/09/2019,AA7_NEPEAN AQ,Nepean bridge survey.,MONITORING,0,0,0,1,0,0,0,0,0
254,02/09/2019,AA7_OUESDALE AQ,Ouesdale bridge survey.,MONITORING,0,0,0,1,0,0,0,0,0
255,02/09/2019,AA7_MENANGLE ROAD,Marks MR7001 to MR7120 plus SH01-SH04 plus road inspection.,MONITORING,0,0,1,0,0,0,0,0,0
256,03/09/2019,AA7_FARFIELD,"Marks MR1, MR3, MPBE&W, MPRBNE&W MPRN & MPRN_New, MPRSTN27 & MPRSTN27_NEW, FR1, FR2, Carrolls1, Burrell1 & 2, CR1 & CR2 ",MONITORING,1,0,0,0,0,0,0,0,0
257,04/09/2019,AA7_MENANGLE ROAD,Menangle Road Inspection.,MONITORING,0,0,0,0,0,0,0,1,1
258,06/09/2019,DA3B_TRIBUTARY CROSS LINES,Install and base survey of LA2 Trib cross line.,MONITORING,0,0,0,1,0,0,0,0,0
259,06/09/2019,AA7_MENANGLE ROAD,Menangle Road Visual Inspection - no issues,MONITORING,0,0,0,0,0,0,0,1,0
260,09/09/2019,AA7_MENANGLE ROAD,2D/3D Survey - inc Spaniards Hill &  Visual inspection,MONITORING,1,0,0,1,0,0,0,1,0
261,11/09/2019,AA7_MENANGLE ROAD,Menangle rd Inspection,MONITORING,0,0,0,0,0,0,1,0,1
262,10/09/2019,AA7_AQC,Sheldonbrook property install and base survey.,MONITORING,1,0,1,1,0,0,0,0,1
263,12/09/2019,AA9_HARRIS CREEK CLIFF LINES,Harris Creek HiRes lines and GNSS.,MONITORING,1,0,0,1,0,0,0,0,0
264,13/09/2019,BOREHOLES,Boreholes S2485 and S2472,EXPLORATION,0,1,0,0,0,0,0,0,0
265,16/09/2019,AA7_MENANGLE ROAD,MR 2D survey (MR7015 to MR7068).,MONITORING,0,0,0,1,0,0,0,0,0
266,16/09/2019,AA7_ENDEAVOUR POLES,"Poles 103, 107, 161",MONITORING,0,1,0,0,0,0,1,0,0
267,16/09/2019,STOCKPILES,"UAV Volumetric flights for stockpiles 101,102,103,105,106 and Appin  East",UAV,0,0,0,0,0,0,0,0,1
268,18/09/2019,AA7_MENANGLE ROAD,Visual Inspection,MONITORING,0,0,0,0,0,0,0,1,1
269,20/09/2019,AA7_TELSTRA LINE,Telstra line 3D survey.,MONITORING,1,0,0,1,0,0,0,0,0
270,20/09/2019,AA7_MENANGLE ROAD,Visual inspection of Menangle Road.,MONITORING,0,0,0,0,0,0,0,1,1
271,25/09/2019,DA3B_SWAMP LINES,SWamp13 3D survey,MONITORING,1,0,1,0,0,0,0,0,0
272,25/09/2019,DA3B_TRIBUTARY CROSS LINES,"WC21 2D Survey J, K & L Lines",MONITORING,0,0,1,0,0,0,0,0,0
273,25/09/2019,AA7_MENANGLE ROAD,Menangle Road visual Inspection,MONITORING,0,0,0,0,0,0,0,1,0
274,27/09/2019,DA3B_WATERFALL54,Base survey and install,MONITORING,0,0,0,1,0,0,1,0,1
275,27/09/2019,AA7_MENANGLE ROAD,Menangle Road Visual Inspection,MONITORING,0,0,0,0,0,0,1,0,1
276,27/09/2019,AA9_ARTC,Walk through / inspection for LW903 commencement,MONITORING,0,0,0,0,0,0,0,1,1
277,30/09/2019,AA7_MENANGLE ROAD,Menangle Road 2D and visual inspection - MR7063 being repaired,MONITORING,0,0,0,1,0,0,0,1,0
278,01/10/2019,AA9_PRIVATE PROPERTY,870 Menangle Road (Cousemaker) inc Dams,MONITORING,1,0,0,1,0,0,0,0,1
279,02/10/2019,AA7_FARFIELD,Area 7 Far field GNSS survey.,MONITORING,1,0,0,0,0,0,0,0,0
280,03/10/2019,AA7_MENANGLE ROAD,Mark re-instatement in paddock,MONITORING,0,0,0,0,0,0,0,0,1
281,03/10/2019,BOREHOLES,S2483 (TS15 resection) and S2484 (RTK).,EXPLORATION,1,1,1,0,0,0,0,0,0
282,04/10/2019,OTHER,Static check and RTK grid pickup of Stockpile 101 (Appin North),DETAIL and ENGINEERING,1,1,0,0,0,0,0,0,0
283,04/10/2019,AA7_MENANGLE ROAD,Visual Inspection,MONITORING,0,0,0,0,0,0,0,1,0
284,04/10/2019,DA3B_TRIBUTARY CROSS LINES,Wongawilli E line install and base survey.,MONITORING,0,0,0,1,0,0,0,0,0
285,08/10/2019,BOREHOLES,S2483 traverse and borehole pickup.,EXPLORATION,1,0,0,1,0,0,0,0,0
286,08/10/2019,AA7_MENANGLE ROAD,2D/3D Menangle Road inc inspection,MONITORING,1,0,0,1,0,0,0,1,0
287,08/10/2019,OTHER,Groiund Control aborted mission Stockpile 101,DETAIL and ENGINEERING,0,1,0,0,0,0,0,0,0
288,09/10/2019,BOREHOLES,Azimuth setout for Drill Rig 096 at S2483 site.,EXPLORATION,0,0,0,1,0,0,0,0,0
289,10/10/2019,AA9_HARRIS CREEK CLIFF LINES,Harris Creek HiRes and GNSS.,MONITORING,1,0,0,1,0,0,0,0,0
290,11/10/2019,AA7_MENANGLE ROAD,Visual Inspection - no change,MONITORING,0,0,0,0,0,0,0,1,0
291,11/10/2019,AA9_ENDEAVOUR POLES,Pole 629838 Base Survey,MONITORING,0,1,1,0,0,0,0,1,1
292,14/10/2019,AA7_MENANGLE ROAD,2Focused D Survey inc. BM check & visual inspection.,MONITORING,0,0,0,1,0,0,0,1,0
293,14/10/2019,AA7_ENDEAVOUR POLES,"Poles 103, 107, 159 & 161",MONITORING,0,1,0,0,0,0,0,1,0
294,15/10/2019,AA9_PRIVATE PROPERTY,890 Menangle Road (Raumer) inc water & septic tank,MONITORING,1,0,0,1,0,0,0,0,0
295,16/10/2019,AA7_MENANGLE ROAD,Visual Inspection - no change,MONITORING,0,0,0,0,0,0,0,1,0
296,16/10/2019,OTHER,Control Pickup (1 control mark CTL07) for Stockpile 105/106,DETAIL and ENGINEERING,0,1,0,0,0,0,0,0,0
297,17/10/2019,DA3B_TRIBUTARY CROSS LINES,"WC15 Rockbars 9, 23, & 34",MONITORING,0,0,1,0,0,0,0,0,0
298,17/10/2019,BOREHOLES,"Borehole S2476 Check, S2476A Azimuth 189 setout, S2484 pickup, S2436C Baseline control for azimuth",EXPLORATION,1,1,1,0,0,0,0,0,1
299,18/10/2019,AA9_ENDEAVOUR POLES,"Installl and base survey of 348976, 348975, 629784, 629943, 629857, 629849, 629856, 629845, 629835 and Dowel House pole (number unknown).",MONITORING,0,0,0,0,0,0,0,0,0
300,21/10/2019,AA7_MENANGLE ROAD,2D Survey MR7015 to MR7098,MONITORING,0,0,0,1,0,0,0,0,0
301,21/10/2019,AA7_MENANGLE ROAD,Visual Inspection - no change,MONITORING,0,0,0,0,0,0,0,1,0
302,21/10/2019,BOREHOLES,S2436C azimuth setout,EXPLORATION,0,0,1,0,0,0,0,0,1
303,22/10/2019,AA9_ARTC,Vegetation Clearing in Biobank Area,MONITORING,0,0,0,0,0,0,0,0,1
304,23/10/2019,AA7_TELSTRA LINE,Telstra Line 3D.,MONITORING,1,0,0,1,0,0,0,0,0
305,23/10/2019,AA9_ENDEAVOUR POLES,Install and base survey of 897049. Pole height comes from MR9057.,MONITORING,0,0,0,1,0,0,0,1,0
306,23/10/2019,AA7_MENANGLE ROAD,Visual inspection. No change,MONITORING,0,0,0,0,0,0,1,0,1
307,24/10/2019,INSTRUMENTS,MS60 instrument Onboards,CALIBRATIONS,0,0,0,0,1,0,0,1,0
308,24/10/2019,DA3B_TRIBUTARY CROSS LINES,Wongawilli Creek X Line E secondary base survey.,MONITORING,0,0,0,1,0,0,0,0,0
309,25/10/2019,INSTRUMENTS,TS60 instrument onboards,CALIBRATIONS,0,0,0,1,0,0,0,1,0
310,25/10/2019,DA3B_SWAMP LINES,Swamp13 3D Survey,MONITORING,1,0,1,0,0,0,0,0,0
311,25/10/2019,DA3B_TRIBUTARY CROSS LINES,"WC21 J,K, and L lines",MONITORING,0,0,1,0,0,0,0,0,0
312,25/10/2019,AA7_MENANGLE ROAD,Visual Inspection - No Change.,MONITORING,0,0,0,0,0,0,1,0,0
313,28/10/2019,AA9_ARTC,"2D/3D survey (full extent) inc LB, Emk74,75,&76, Cutting 74 & 75, Douglas Park Station, Valley closure 75 & 76.",MONITORING,1,0,1,1,1,0,0,0,0
314,28/10/2019,AA7_MENANGLE ROAD,Visual Inspection - No Change noted.,MONITORING,0,0,0,0,0,0,1,0,0
315,29/10/2019,AA9_HARRIS CREEK CULVERT,3D Survey - Up and Down stream headwalls,MONITORING,0,0,1,0,0,0,0,0,0
316,29/10/2019,AA9_ARTC,Culvert @ 74.7 km,MONITORING,0,0,1,0,0,0,0,0,0
317,30/10/2019,AA7_MENANGLE ROAD,Menangle Rd 2D (MR7015 to MR7098) + Visual Inspection - No Change.,MONITORING,0,0,1,0,0,0,0,0,0
318,30/10/2019,BOREHOLES,Borehole S2436C TS off existing GPS Baseline.,EXPLORATION,0,0,1,0,0,0,0,0,0
319,31/10/2019,AA9_PRIVATE PROPERTY,955 Menangle Road - Base Survey inc Power Poles,MONITORING,1,0,0,1,0,0,0,0,1
320,01/11/2019,BOREHOLES,Borehole S2475 (RTK),EXPLORATION,0,1,0,0,0,0,0,0,0
321,01/11/2019,DA3B_NDC X, Marks NDK-E and DA3B-05a (static) and Avon A and E closure lines.,MONITORING,1,0,1,0,0,0,0,0,0
322,01/11/2019,AA7_MENANGLE ROAD,Visual Inspection - No Change.,MONITORING,0,0,0,0,0,0,1,0,0
323,04/11/2019,AA9_ARTC,"2D Survey STN03 to STN13 inc. Emb76Km, Em75Km, Cul76Km and LB",MONITORING,0,0,0,1,1,0,0,0,0
324,04/11/2019,AA7_MENANGLE ROAD,Visual Inspection,MONITORING,0,0,0,0,0,0,0,1,0
325,05/11/2019,AA7_MENANGLE ROAD,A7 Menangle Rd 2D (MR7015 to MR7098),MONITORING,0,0,1,0,0,0,0,0,0
326,06/11/2019,AA9_MENANGLE ROAD,3D Survey - in conjuction with FOC Line,MONITORING,1,0,0,1,0,0,0,0,0
327,06/11/2019,AA9_FOC,3D Survey - in conjustcion with Menangle Road,MONITORING,1,0,0,1,0,0,0,0,0
328,06/11/2019,AA7_MENANGLE ROAD,A7 Menangle Rd Visual Inspection - No Change.,MONITORING,0,0,0,0,0,0,1,0,1
329,07/11/2019,AA7_FARFIELD,"Marks MR3, FR1, FR2, FR3, Carrolls1, DP Trig, MPRBE, MPRBW, MPRN, MPRSTN27, MPRBNE and MPRBNW.",MONITORING,1,0,0,0,0,0,0,0,0
330,08/11/2019,AA7_PRIVATE PROPERTY,3D Survey - Carrolls and Hawkie Road,MONITORING,1,0,0,1,0,0,0,0,0
331,08/11/2019,AA7_ENDEAVOUR POLES,All Poles End LW708A,MONITORING,0,1,0,0,0,0,0,1,0
332,08/11/2019,AA9_ENDEAVOUR POLES,Pole 629837 & 629838,MONITORING,0,0,0,0,0,0,0,1,0
333,08/11/2019,AA7_FARFIELD,"Marks Burrell1a, Burrell2, CR1, CR2, DR1, RD1, RD2 and PD1.",MONITORING,1,0,0,0,0,0,0,0,0
334,11/11/2019,AA9_ARTC,"2D Survey inc Emb 76.km, Emb 75Km, Long Bays, Culvert 75km & Valley Line 76Km / 75Km",MONITORING,0,0,0,1,1,0,0,0,0
335,11/11/2019,AA7_MENANGLE ROAD,Visual Inspection.,MONITORING,0,0,0,0,0,0,0,1,0
336,12/11/2019,AA7_MENANGLE ROAD,2D Survey+Visual Inspection - No Change,MONITORING,0,0,0,1,0,0,0,0,0
337,12/11/2019,AA9_MENANGLE ROAD,2D Survey STN01-STN09,MONITORING,0,0,0,1,0,0,0,0,0
338,13/11/2019,AA7_MENANGLE ROAD,Visual Inspection.  No Change,MONITORING,0,0,0,0,0,0,0,0,1
339,13/11/2019,AA9_HARRIS CREEK CLIFF LINES,"A-E Line, G Line and J Line",MONITORING,0,0,0,1,0,0,0,0,0
340,14/11/2019,AA7_PRIVATE PROPERTY,545 Menangle Road - Epoch 1 (Partial),MONITORING,1,0,0,1,0,0,0,0,0
341,14/11/2019,BOREHOLES,"Boreholes S2478, S2478A and S2481 (static) and S2493 (RTK)",EXPLORATION,1,1,0,0,0,0,0,0,0
342,15/11/2019,OTHER,UAV modelling run Westcliff Switchyard. RTK CTL,DETAIL and ENGINEERING,0,1,0,0,0,0,0,0,1
343,18/11/2019,AA9_ARTC,"2D Survey Inc. 76KM EMB & VC, 75KM Emb & VC & Culvert, Longbay and 74KM EXTO Partial",MONITORING,0,0,1,1,1,0,0,0,0
344,19/11/2019,AA9_FOC,2D Survey,MONITORING,0,0,0,1,0,0,0,0,0
345,19/11/2019,AA9_MENANGLE ROAD,2D STN01-STN09,MONITORING,0,0,0,1,0,0,0,0,0
346,20/11/2019,AA7_MENANGLE ROAD,3D Survey full extent EOW903 inc. Spaniards Hills,MONITORING,1,0,0,1,0,0,0,0,0
347,21/11/2019,AA9_PRIVATE PROPERTY,970 Menangle Road,MONITORING,1,0,0,1,0,0,0,0,0
348,22/11/2019,OTHER,RTK Grid pickup for LW708A ALS,DETAIL and ENGINEERING,0,1,0,0,0,0,0,0,0
349,22/11/2019,DA3B_NDC X,"B, C, & D Lines and NDC-B, NDC-C, and NDC-D inc. LA4",MONITORING,1,0,0,1,0,0,0,0,0
350,25/11/2019,AA9_ARTC,"3D Survey STN03-13 Inc. 75k Emb + Cul + VC, 76k Emb + VC, 75k cutting, 74k Emb + Cul & LB's ",MONITORING,1,0,1,1,1,0,0,0,0
351,25/11/2019,AA9_ARTC,"3D Survey STN03-13 Inc. 75k Emb + Cul + VC, 76k Emb + VC, 75k cutting, 74k Emb + Cul & LB's ",MONITORING,1,0,1,1,1,0,0,0,0
352,26/11/2019,AA7_FARFIELD,Field Work Confirmation,MONITORING,1,0,0,0,0,0,0,0,0
353,26/11/2019,AA9_MENANGLE ROAD,A9 Menangle Rd. Marks MR9001 to MR9080. Height from UT75600.,MONITORING,0,0,0,1,0,0,0,0,0
354,27/11/2019,DA3B_NDC X,Avon 1 Mark,MONITORING,1,0,0,0,0,0,0,0,0
355,27/11/2019,DA3B_TRIBUTARY CROSS LINES,LA2 RB 13 Install & Base Survey,MONITORING,0,0,1,0,0,0,0,0,0
356,28/11/2019,AA7_PRIVATE PROPERTY,320 Carrolls Road - 3D survey of ground marks & scans of corners,MONITORING,1,0,0,0,1,0,0,0,0
357,29/11/2019,AA9_PRIVATE PROPERTY,Pallota Private Property,MONITORING,1,0,0,1,0,0,0,0,0
358,29/11/2019,BOREHOLES,"Boreholes S2412B, S2482, S2482A and S2486.",EXPLORATION,0,1,0,0,0,0,0,0,0
359,02/12/2019,INSTRUMENTS,TS15 TS60 & MS60 instrument onboard calibrations,CALIBRATIONS,0,0,1,1,1,0,0,0,0
360,02/12/2019,AA9_ARTC,"2D Survey STN03 to STN13 incl. Em76km, EM75km, Culv 76km and LB",MONITORING,0,0,1,1,1,0,0,0,0
361,03/12/2019,AA9_FOC,2D Survey,MONITORING,0,0,0,1,0,0,0,0,0
362,03/12/2019,AA9_MENANGLE ROAD,2D MR9001 to MR9080,MONITORING,0,0,0,0,0,0,0,0,0
363,04/12/2019,AA9_PRIVATE PROPERTY,890 Menangle Road (Raumer) Dam - Base Survey,MONITORING,1,0,0,0,1,0,0,0,1
364,04/12/2019,AA7_TELSTRA LINE,Telstra Line 3D,MONITORING,1,0,0,1,0,0,0,0,0
365,05/12/2019,AA9_HARRIS CREEK CLIFF LINES,"Lines A, B, C, D, E, F, G and NepX I & J, Base Survey of New Marks at G & NepX I",MONITORING,1,0,0,1,0,0,1,0,0
366,09/12/2019,AA9_ARTC,"Local 3D Survey STN03 to STN8. 2D STN09-STN13 incl. Em76km, EM75km, Culv 76km and LB",MONITORING,0,0,1,1,1,0,0,0,0
367,10/12/2019,AA9_MENANGLE ROAD,"3D Survey, FOC Line & MR9001 to MR9080",MONITORING,1,0,0,1,0,0,0,0,0
368,10/12/2019,AA7_AQC,"Pole 629838, 317991, 629837, 629836",MONITORING,0,0,0,0,0,0,1,0,0
369,10/12/2019,AA9_FOC,3D Survey,MONITORING,1,0,0,1,0,0,0,0,0
370,10/12/2019,AA9_POSI,Base Survey (Partial / Mark Investigation) PM's and SSM's,MONITORING,0,1,0,0,0,0,0,0,0
371,11/12/2019,OTHER,CX Transformer - Bund/Pit Volume calc,DETAIL and ENGINEERING,0,1,0,1,0,0,0,0,0
372,11/12/2019,AA9_PRIVATE PROPERTY,80 Camden Road - TLS of paving (Base),MONITORING,0,0,0,0,1,0,0,0,0
373,13/12/2019,AA9_MENANGLE ROAD,Extrension of lines and clearing,MONITORING,0,0,0,0,0,0,0,0,0
374,13/12/2019,AA9_MENANGLE ROAD,RTK pickup of marks in road corridor and partial paddock,MONITORING,0,1,0,0,0,0,0,0,0
375,13/12/2019,AA9_ENDEAVOUR POLES,Base survey of 772490 & 800559,MONITORING,0,1,1,0,0,0,0,1,0
376,13/12/2019,AA9_ENDEAVOUR POLES,Base survey of 772490 & 800559,MONITORING,0,1,1,0,0,0,0,1,0
377,16/12/2019,AA9_ARTC,"3D Survey STN03-13, Incl. 75k Emb + Cul + VC, 75k cutting, 74k Emb + Cul & LB's",MONITORING,1,0,1,1,1,0,0,0,0
378,17/12/2019,DA3B_TRIBUTARY CROSS LINES,WC15 X Lines.,MONITORING,0,0,1,0,0,0,0,0,0
379,17/12/2019,AA9_MENANGLE ROAD,2D STN01-STN09,MONITORING,0,0,0,0,0,0,0,0,0
380,17/12/2019,AA9_FARFIELD,"Marks A9FF03, 04, 05, 08. 12 and MPRBE and MPRBW.",MONITORING,1,0,0,0,0,0,0,0,0
381,18/12/2019,AA9_FARFIELD,"Marks  A9FF01, 06, 09,10,11 & PD",MONITORING,1,0,0,0,0,0,0,0,0
382,18/12/2019,AA9_NEPEAN RIVER CROSS LINES,D-H Lines,MONITORING,0,0,1,0,0,0,0,0,0
383,16/12/2019,STOCKPILES,"Stockpile UAV flight of 101, 102, 103 105, 106 and Appin East",UAV,0,0,0,0,0,0,0,0,0
384,19/12/2019,AA9_PRIVATE PROPERTY,970 Menangle Road ,MONITORING,1,0,0,1,0,0,0,0,0
385,19/12/2019,AA9_PRIVATE PROPERTY,955 Menangle Road,MONITORING,0,0,0,0,0,0,0,0,0
386,23/12/2019,AA9_ARTC,"Local 3D STN03-STN08, 2D STM08-STN13",MONITORING,0,0,1,1,1,0,0,0,0
387,24/12/2019,AA9_MENANGLE ROAD,MR 2D,MONITORING,0,0,0,1,1,0,0,0,0
388,30/12/2019,AA9_ARTC,"Local 3D STN03-STN08, 2D STM08-STN13",MONITORING,0,0,1,1,1,0,0,0,0
389,31/12/2019,AA9_MENANGLE ROAD,MR 2D,MONITORING,0,0,0,1,1,0,0,0,0
390,02/01/2020,AA9_NEPEAN RIVER CROSS LINES,"Nep X Lines A, B, C, I & J",MONITORING,0,0,1,0,0,0,0,0,0
391,06/01/2020,AA9_ARTC,"Local 3D STN03-STN08, 2D STM08-STN13",MONITORING,0,0,1,1,1,0,0,0,0
392,07/01/2020,AA9_MENANGLE ROAD,3D Survey MR9001-MR9080,MONITORING,1,0,0,1,0,0,0,0,0
393,07/01/2020,AA7_AQC,3D Survey TOF01-TOF22,MONITORING,1,0,0,1,0,0,0,0,0
394,08/01/2020,AA9_HARRIS CREEK CLIFF LINES,"Lines A, B, C, D, E, F, G  and Blades Bridge",MONITORING,1,0,0,1,0,0,0,0,0
395,08/01/2020,AA9_ENDEAVOUR POLES,"Poles 317991, 629837, 629836, 629834, 621645, 629835, 629845",MONITORING,0,0,0,0,0,0,1,0,0
396,09/01/2020,AA9_MENANGLE ROAD,Menangle road extention - MR9075 to MR9133 & MR7001. inc Cutting,MONITORING,1,0,0,1,0,0,0,0,0
397,13/01/2020,AA9_ARTC,"3D Survey STN03-13, Incl. 75k Emb + Cul + VC, 75k cutting, 74k Emb + Cul & LB's",MONITORING,1,0,1,1,1,0,0,0,0
398,14/01/2020,AA9_MENANGLE ROAD,2D MR9001-9080.  Height connection from UT75600,MONITORING,0,0,0,1,0,0,0,0,0
399,15/01/2020,AA9_MENANGLE ROAD,MR9081 to MR9133 ext inc. cutting - 2D survey,MONITORING,0,0,0,1,0,0,0,0,0
400,15/01/2020,AA9_NEPEAN RIVER CROSS LINES,Nepx J Line - confirmation survey and base survey of plug style mark,MONITORING,0,0,0,1,0,0,0,0,0
401,15/01/2020,AA9_FARFIELD,"Marks MPRBE, MPRBW, A9FF03, A9FF04, A9FF05, A9FF06, A9FF08, A9FF09, A9FF10, A9FF11, PD1, Burrell2 and PM61513",MONITORING,1,0,0,0,0,0,0,0,0
402,16/01/2020,AA9_PRIVATE PROPERTY,970 Menangle Road,MONITORING,1,0,0,1,0,0,0,0,0
403,11/12/2019,OTHER,Dendrobium Rill Tower - Site visit,DETAIL and ENGINEERING,0,0,0,0,0,0,0,0,1
404,20/01/2020,AA9_ARTC,"2D STN09-10; Local 3D STN03-STN08; STN11-13;  75k Emb + Cul + VC, 74k Emb + Cul & LB's",MONITORING,0,0,1,1,1,0,0,0,0
405,21/01/2020,DA3B_SWAMP LINES,Swamp 11 - EOW15,MONITORING,0,0,1,0,0,0,0,0,1
406,21/01/2020,DA3B_TRIBUTARY CROSS LINES,"WC15 Rockbar 9, 28 & 34",MONITORING,0,0,1,0,0,0,0,0,1
407,21/01/2020,STOCKPILES,"Stockpiles Appin East, DCPP, Westcliff and KV (RTK used for pickup at DCPP)",UAV,0,1,0,0,0,0,0,0,0
408,21/01/2020,AA9_MENANGLE ROAD,MR9001 to MR9080 plus height connection to Rail corridor.,MONITORING,0,0,0,1,0,0,0,0,0
409,21/01/2020,AA9_NEPEAN RIVER CROSS LINES,"Lines D,  F, G and H.",MONITORING,0,0,0,1,0,0,0,0,0
410,21/01/2020,AA9_FARFIELD,Mark A9FF01.,MONITORING,1,0,0,0,0,0,0,0,0
411,22/01/2020,BOREHOLES,"Dendrobium Boreholes S2487, S2487A (RTK) and S2489, S2489A (Static)",EXPLORATION,1,1,0,0,0,0,0,0,0
412,22/01/2020,DA3B_WATERFALL54,"WF54 Confirmation Base Survey; Base survey Marks DA3B-52,53, 54, 65, 66 ",MONITORING,0,0,0,0,0,0,0,0,0
413,23/01/2020,AA9_PRIVATE PROPERTY,Raumer Property - 890 Menagle Road,MONITORING,1,0,0,1,0,0,0,0,0
414,24/01/2020,AA9_ENDEAVOUR POLES,RTK height Pole 629845 check tilts on 629837,MONITORING,0,1,0,0,0,0,0,0,0
415,28/01/2020,AA9_ARTC,"2D STN09-10; Local 3D STN03-STN08; STN11-13;  75k Emb + Cul + VC, 74k Emb + Cul & LB's",,0,0,1,1,1,0,0,0,0
416,29/01/2020,AA9_NEPEAN RIVER CROSS LINES,"Nep X Lines A, B , C and I",MONITORING,0,0,1,0,0,0,0,0,0
417,29/01/2020,AA9_MENANGLE ROAD,Menangle Rd marks MR9001 to MR9080 plus height connection to UT75600,MONITORING,0,0,0,1,0,0,0,0,0
418,31/01/2020,AA9_PRIVATE PROPERTY,PP Dowel 310120,MONITORING,1,0,0,1,0,0,0,0,0
419,03/02/2020,AA9_ARTC,"2D STN09-10; Local 3D STN03-STN08; STN11-13;  75k Emb + Cul + VC, 74k Emb + Cul & LB's",MONITORING,0,0,1,1,1,0,0,0,0
420,04/02/2020,AA9_MENANGLE ROAD,2D MR9001 to MR9080 plus  height connection to UT75600.,MONITORING,0,0,0,1,0,0,0,0,0
421,04/02/2020,DA3B_FARFIELD,"Marks DA3B-49, 48, 47, 45 and 05A",MONITORING,1,0,0,0,0,0,0,0,0
422,04/02/2020,DA3B_NDC X,A Line Closure,MONITORING,0,0,0,1,0,0,0,0,0
423,05/02/2020,BOREHOLES,Borehole S2484A - setout & 252 degree MGA Azimuth line,EXPLORATION,0,1,0,0,0,0,0,0,1
424,05/02/2020,DA3B_NDC X,"B,C,D,E Lines",MONITORING,0,0,1,1,0,0,0,0,0
425,05/02/2020,DA3B_FARFIELD,"GNSS Marks NDC-B, C, D & E + DA3B-06",MONITORING,1,0,0,0,0,0,0,0,0
426,06/02/2020,AA9_PRIVATE PROPERTY,AA9 Bassa Property Install & Base Survey,MONITORING,1,0,0,1,0,0,0,0,0
427,10/02/2020,AA9_MENANGLE ROAD,Menangle Road 3D MR9001 to 9080 + FOC Line,MONITORING,1,0,0,1,0,0,0,0,0
428,11/02/2020,AA7_ARTC,AA7 69Km EMB  detail survey Pre LW708B,MONITORING,0,1,0,0,0,0,0,0,0
429,11/02/2020,AA9_ARTC,"2D STN09-10; Local 3D STN03-STN08; STN11-13;  75k Emb + Cul + VC, 74k Emb + Cul & LB's",MONITORING,0,0,1,1,1,0,0,0,0
430,12/02/2020,AA9_ENDEAVOUR POLES,"Poles 629856 + RTK, 629849 +RTK, 629857, 629845, 629835, 621645, 629834, 629836",MONITORING,0,1,0,0,0,0,0,0,0
431,12/02/2020,AA9_HARRIS CREEK CLIFF LINES,Lines A-G; I and J; Blades Bridge,MONITORING,0,0,0,1,0,0,0,0,0
432,14/02/2020,AA9_PRIVATE PROPERTY,Attard Property - 840 Menangle Road ,MONITORING,1,0,0,1,0,0,0,1,1
433,17/02/2020,AA9_ARTC,"3D Survey STN03-13, Incl. 75k Emb + Cul + XL, 75k cutting, 74k Emb + Cul & LB's, 76 VC",MONITORING,1,0,1,1,1,0,0,0,0
434,18/02/2020,WCC_BRENNANS CREEK DAM,Brennans Creek Dam - routine monitoring,MONITORING,0,0,0,0,1,0,0,0,1
435,18/02/2020,AA9_MENANGLE ROAD,2D MR9001 to MR9080 plus  height connection to UT75600.,MONITORING,0,0,0,1,0,0,0,0,0
436,19/02/2020,AA9_FARFIELD,"Marks  A9FF03, 04, 05, 06, 08, 09,10,11, PD, MPRBE, MPRBW, WRIG01, PM61513, BURRELL2",MONITORING,1,0,0,0,0,0,0,0,0
437,20/02/2020,AA9_HARRIS CREEK CLIFF LINES,Lines F & G ,MONITORING,0,0,0,1,0,0,0,0,0
438,24/02/2020,AA9_ARTC,"2D STN09-10; Local 3D STN03-STN08; STN11-13;  75k Emb + Cul + VC, 74k Emb + Cul & LB's",MONITORING,0,0,1,1,1,0,0,0,0
439,25/02/2020,AA9_MENANGLE ROAD,2D MR9001 to MR9080 plus  height connection to UT75600.,MONITORING,0,0,0,1,0,0,0,0,0
440,25/02/2020,AA9_NEPEAN RIVER CROSS LINES,"Nep X Lines D,E, F, G, H",MONITORING,0,0,1,0,0,0,0,0,0
441,25/02/2020,AA9_FARFIELD,A9FF01,MONITORING,1,0,0,0,0,0,0,0,0
442,26/02/2020,AA9_NEPEAN RIVER CROSS LINES,"B, C (A disturbed)",MONITORING,0,0,1,0,0,0,0,0,0
443,26/02/2020,DA3B_FARFIELD,"Marks DA3B-13, 15, 16, 17, 31, 32, 59 and DA3B-60.",MONITORING,1,0,0,0,0,0,0,0,0
444,27/02/2020,AA9_PRIVATE PROPERTY,970 Menangle Road PP Survey,MONITORING,1,0,0,1,0,0,0,0,0
445,26/02/2020,,Powerline Access Height,DETAIL and ENGINEERING,0,0,0,1,0,0,0,0,1
446,28/02/2020,DA3B_FARFIELD,DA3b ALS Test Patches,MONITORING,0,1,0,0,0,0,0,0,0
447,02/03/2020,AA9_ARTC,"2D STN09-10; Local 3D STN03-STN08; STN11-13;  75k Emb + Cul + VC, 74k Emb + Cul & LB's",MONITORING,0,0,1,1,1,0,0,0,0
448,03/03/2020,AA9_MENANGLE ROAD,2D MR9001 to MR9080 plus  height connection to UT75600.,MONITORING,0,0,0,1,0,0,0,0,0
449,04/03/2020,AA9_PRIVATE PROPERTY,810 Menangle Road Property Install & Survey,MONITORING,1,0,0,1,0,0,0,0,1
450,06/03/2020,AA9_PRIVATE PROPERTY,Pallotta private property survey.,MONITORING,1,0,0,1,0,0,0,0,0
451,06/03/2020,AA9_PRIVATE PROPERTY,Dowel Private property survey.,MONITORING,1,0,0,1,0,0,0,0,0
452,09/03/2020,AA9_ARTC,"2D greound line and local 3D for emb 76.2, 75.7 and 74.7km",MONITORING,0,0,1,1,1,0,0,0,0
453,10/03/2020,AA9_MENANGLE ROAD,Menangle Road 3D Stn01 - 13 + Foc Height Transfer,MONITORING,1,0,0,1,0,0,0,0,0
454,11/03/2020,AA9_HARRIS CREEK CLIFF LINES,HCCL Hi Res A - G Lines incl NepX I and J plus GPS.,MONITORING,1,0,0,1,0,0,0,0,0
455,12/03/2020,BOREHOLES,"Dend Boreholes S2483A & B (TS), S2476A (RTK), S2490 (Static)",EXPLORATION,1,1,0,1,0,0,0,0,0
456,16/03/2020,,2D MR9001-MR9105 + Cutting MR9082A-MR9087A,,0,0,0,0,0,0,0,0,0
457,17/03/2020,AA9_ARTC,"3D Survey STN03-16, Incl. 75k Emb + Cul + XL, 74k + 75k cutting, 74k Emb + Cul & LB's, 76 VC",MONITORING,1,0,1,1,1,0,0,0,0
458,18/03/2020,BOREHOLES,Pickup of S2484A and set out of new azimuth for next borehole at 265 Degrees Grid.,EXPLORATION,0,1,0,0,0,0,0,0,0
459,18/03/2020,DA3B_TRIBUTARY CROSS LINES,"WC21 Lines J, K and L",MONITORING,0,0,1,0,0,0,0,0,0
460,18/03/2020,DA3B_SWAMP LINES,Swamp 13 3D survey,MONITORING,1,0,1,0,0,0,0,0,0
461,19/03/2020,AA9_PRIVATE PROPERTY,870 Menangle Road - Cousemacker,MONITORING,1,0,1,0,0,0,0,0,0
462,23/03/2020,AA9_ARTC,"Local 3D Survey STN03-08, Incl. 75k Emb + Cul + XL, 74k + 75k cutting, 74k Emb + Cul & LB's, 76 VC, 2D Survey 09-10 and 14-16",MONITORING,0,0,1,1,1,0,0,0,0
463,24/03/2020,AA9_MENANGLE ROAD,2D MR9022-MR9105 + cutting MR9082A-MR9087A,MONITORING,0,0,1,0,0,0,0,0,0
464,24/03/2020,AA9_NEPEAN RIVER CROSS LINES,"E, F, G, H Lines",MONITORING,0,0,1,0,0,0,0,0,0
465,24/03/2020,AA9_FARFIELD,Mark FF01,MONITORING,1,0,0,0,0,0,0,0,0
466,25/03/2020,AA9_FARFIELD,AA9 Farfield,MONITORING,1,0,0,0,0,0,0,0,0
467,26/03/2020,AA9_NEPEAN RIVER CROSS LINES,"A, B, C Lines",MONITORING,0,0,1,0,0,0,0,0,0
468,26/03/2020,AA9_NEPEAN RIVER CROSS LINES,"A, B, C Lines",MONITORING,0,0,0,0,0,0,0,0,0
469,26/03/2020,AA9_PRIVATE PROPERTY,785 Walker Property (Lower),MONITORING,1,0,0,1,0,0,0,0,1
470,27/03/2020,AA9_PRIVATE PROPERTY,785 Walker Property (Upper),MONITORING,1,0,0,1,0,0,0,0,1
471,30/03/2020,AA9_ARTC,"Local 3D Survey STN11-13, 74k Emb + Cul & LB's,  2D Survey  14-16",MONITORING,0,0,1,0,1,0,0,0,0
472,31/03/2020,AA9_MENANGLE ROAD,2D MR9022-MR9105 + cutting MR9082A-MR9087A,MONITORING,0,0,0,0,1,0,0,0,0
473,31/03/2020,DA3B_NDC X,Static GPS Avon 1 & Avon 2. Install of Unit Zero GNSS Monitoring,MONITORING,1,0,0,0,0,0,0,0,0
474,02/04/2020,BOREHOLES,"RTK Pickup of S2488A & S2492. Sites had been rehabed, located stake.",EXPLORATION,0,1,0,0,0,0,0,0,0
475,06/04/2020,AA9_ARTC,"Local 3D Survey STN11-13, 74k Emb + Cul & LB's,  2D Survey  10, 14-16",MONITORING,0,0,1,0,1,0,0,0,0
